iter	MultiClass	Accuracy	F1:class=0	F1:class=1	F1:class=2	F1:class=3	F1:class=4	F1:class=5	F1:class=6	F1:class=7	F1:class=8	F1:class=9
0	2.154344339	0.3034129796	0.1515551367	0.2252281617	0.2019214563	0.6881692003	0.3315671307	0.2431559736	0.3919957593	0.2174277336	0.2679655062	0.08210180624
1	2.05142962	0.3434481088	0.1388888889	0.2432897454	0.264027385	0.6990135964	0.3747096253	0.3126677402	0.4323687312	0.2752607283	0.3418884664	0.1183431953
2	1.981902325	0.3539565731	0.1361858753	0.2533838657	0.2717034925	0.7166825808	0.3831766043	0.3402597403	0.4427168576	0.2894736842	0.3542340013	0.1191294387
3	1.923678931	0.3656158202	0.1606263982	0.2597308112	0.287367406	0.7304847987	0.3945163747	0.3569359138	0.4562370779	0.3007845101	0.3651574803	0.1231900712
4	1.874384218	0.3772447836	0.1759299781	0.2694930876	0.3026211279	0.7389514137	0.4046082949	0.3734842361	0.4634009009	0.3167390578	0.3776088012	0.1544485534
5	1.833063254	0.3847248721	0.1886873921	0.2737959803	0.3077535847	0.7449682934	0.4121183544	0.384433697	0.4631371998	0.3353749379	0.383645766	0.1634241245
6	1.801110088	0.3923563793	0.1963137591	0.2918026493	0.3179336972	0.7484190267	0.4149189704	0.3946089262	0.4736321222	0.3413405006	0.3869086196	0.1729957806
7	1.724912881	0.4398413131	0.2922600619	0.3651031895	0.3742658836	0.7641915337	0.4310239864	0.4348023111	0.5132464557	0.3961608473	0.4442664958	0.2563786008
8	1.700830381	0.4421731625	0.2964666527	0.369462771	0.3751183232	0.7673446643	0.4385406464	0.4350932024	0.5150598069	0.3962878541	0.4418974849	0.2612962584
9	1.670527039	0.4483510493	0.2992385264	0.3745983746	0.3802354229	0.7676711568	0.4521696252	0.439817975	0.5188895249	0.401156255	0.4518081886	0.275295532
10	1.645384668	0.4517125466	0.2990616075	0.3740705434	0.3792300315	0.7701500834	0.4557056127	0.4436643642	0.5288710141	0.401801512	0.4668789809	0.2750545743
11	1.626625526	0.4554374489	0.3089627392	0.3767123288	0.3853580048	0.7714205973	0.4578887913	0.4494485294	0.5319546173	0.4084821429	0.4692504805	0.2785813354
12	1.608276483	0.4577087308	0.3121044304	0.3773513205	0.3872357614	0.7745987439	0.4598140364	0.4530489219	0.5315147164	0.4124489154	0.4743527898	0.2826938136
13	1.590079893	0.4669149935	0.3273290722	0.3898113208	0.3977780789	0.777529346	0.4638086757	0.4648055357	0.540362909	0.4241751269	0.4838192887	0.2972972973
14	1.570887783	0.4749099058	0.3384140459	0.3973880597	0.4082356149	0.7809737618	0.4720182325	0.4729954794	0.5489404642	0.435057744	0.4926611359	0.3014592934
15	1.555178213	0.4821780079	0.3506765771	0.4067607727	0.4165981923	0.783244307	0.4779984913	0.4828341855	0.5539424993	0.4456123587	0.4978417266	0.3090943611
16	1.543498865	0.4830865207	0.3451834862	0.4052385407	0.4155132246	0.7867137809	0.4764039348	0.4844112972	0.5583842981	0.4476190476	0.5036063472	0.3120647468
17	1.533296068	0.4859937615	0.3499810821	0.4075882795	0.4215888751	0.7879562562	0.4775565723	0.4877029021	0.5620970003	0.4538133586	0.5030854173	0.3133989402
18	1.526032191	0.4861148966	0.3484333711	0.4118967452	0.4188710117	0.7897799858	0.4786006699	0.4863870493	0.5624823695	0.4559634473	0.5034079844	0.3097022094
19	1.513460755	0.4923230671	0.3579106166	0.4199406968	0.4211530598	0.7907836723	0.4791510612	0.4923907707	0.5805454034	0.4561900267	0.5142763909	0.3197239793
20	1.503220007	0.4960176857	0.3649773071	0.4211107025	0.423797881	0.7904924566	0.4814722083	0.4975284231	0.5837868006	0.4580272003	0.5204534253	0.3290359823
21	1.488576349	0.5026195451	0.3721896845	0.4245748766	0.43125	0.7923076923	0.488627843	0.504095309	0.5926966292	0.4602379461	0.5320502365	0.3407037108
22	1.479258815	0.5058901911	0.3766037736	0.428726877	0.4311624073	0.7924636026	0.4904013962	0.5073291925	0.5960806429	0.4639351924	0.5408743702	0.3472248896
23	1.465244694	0.5114624027	0.3882508002	0.4386186946	0.4371134021	0.795822006	0.4932228916	0.5128012989	0.598336388	0.4728454278	0.5465135091	0.3510719755
24	1.457406679	0.5133702795	0.3880037488	0.4452803152	0.4382996286	0.7962804006	0.4924433249	0.5172977733	0.6003652198	0.4767495752	0.5458670989	0.3540467971
25	1.44718903	0.5172466006	0.3917757009	0.4487156458	0.4428196993	0.798454051	0.4975548589	0.5242251739	0.5992952784	0.4777914867	0.5517799353	0.3629784803
26	1.438231036	0.5222131371	0.3930829305	0.4511602806	0.447740695	0.8001147118	0.4998119122	0.5293072824	0.6086586231	0.4835062723	0.5629724948	0.3712552143
27	1.425551478	0.5288452803	0.3985805006	0.455858748	0.4553203189	0.8007443458	0.5041467705	0.5421301624	0.613503909	0.4879852126	0.5721632915	0.384281126
28	1.412741764	0.534659762	0.4082774049	0.4610735869	0.4636963696	0.8017179671	0.5103865038	0.545593285	0.6162208554	0.4915514593	0.5820512821	0.3944359756
29	1.399449547	0.5419884316	0.4207011686	0.4693153601	0.4734513274	0.8040734366	0.5156565657	0.5530448104	0.6261562544	0.495469206	0.5887835449	0.4049102927
30	1.391980172	0.5452893613	0.4230483271	0.4754503709	0.474472808	0.8048885694	0.5166561911	0.5581993569	0.6323717493	0.5016126555	0.5950545922	0.4040517727
31	1.386086304	0.5465309954	0.4219739292	0.4785059901	0.4751043115	0.8059787295	0.5168595873	0.5581874356	0.6350832266	0.5009958633	0.5967276227	0.4099588169
32	1.380315765	0.5491051149	0.426162683	0.4815724816	0.4795110432	0.8062149331	0.5196313597	0.5600513809	0.6365182875	0.504302397	0.5985166075	0.4137413178
33	1.371627056	0.5521334908	0.4316678913	0.4836166112	0.4817396153	0.8074820144	0.524556962	0.5624919552	0.6382373845	0.5074306726	0.601744186	0.4199101796
34	1.365127587	0.556373217	0.4349890431	0.4854097501	0.4894420361	0.8083513319	0.5292549816	0.5655261459	0.6435178597	0.5109444359	0.6081211731	0.4267313795
35	1.354082871	0.5629447927	0.4441615133	0.4944920441	0.5018968667	0.8098388953	0.532568515	0.5708365708	0.6484641638	0.5158218126	0.614939759	0.4378458134
36	1.346682599	0.566427425	0.4511086877	0.4974637047	0.5058311086	0.8104367882	0.5334015869	0.577177723	0.6494948057	0.5200244574	0.6161502649	0.4477447745
37	1.341537945	0.5692438145	0.4561276287	0.5008756567	0.5087964256	0.8110134064	0.5360112575	0.5807122433	0.6550205937	0.5216989843	0.6210339829	0.4455844632
38	1.33147559	0.5734835408	0.4621968616	0.5042075736	0.5117901493	0.8127708755	0.5388361958	0.5877239199	0.6586402266	0.5291217257	0.6264090177	0.4505194095
39	1.321724582	0.5772992944	0.4677591735	0.5098245614	0.515328874	0.814932716	0.5421207847	0.591949487	0.6601223503	0.5339282967	0.6314437129	0.4546946217
40	1.314454777	0.5825383847	0.4744252361	0.5146853147	0.5203070482	0.8162201303	0.5468106996	0.5933456562	0.6682794934	0.5397849462	0.640524968	0.4620414094
41	1.309249649	0.5848399503	0.4800857296	0.5164106145	0.5286034773	0.8163796846	0.5475792988	0.5960825834	0.6688533942	0.5411116215	0.6393337604	0.4658967882
42	1.304584994	0.5865055571	0.4841580634	0.5148205928	0.5302182429	0.8170643529	0.5486111111	0.5975642044	0.6730385164	0.5430239705	0.6427998074	0.4656391659
43	1.298475477	0.58814088	0.4865634455	0.5154032537	0.5319178656	0.8167751265	0.5499614693	0.601062417	0.6751720183	0.5441469013	0.6445619093	0.4682784948
44	1.290375051	0.591532661	0.4899911426	0.5204769311	0.5350656608	0.8174717964	0.5519019987	0.6048612033	0.6797535464	0.545901136	0.6467582242	0.4768139662
45	1.283038643	0.5957723873	0.4953769559	0.5267333563	0.5421030582	0.8183002751	0.5546066253	0.6095516829	0.6817987152	0.5520306513	0.6503518874	0.4814479638
46	1.274474796	0.6020411253	0.5016805236	0.5331046312	0.5457094784	0.821086262	0.5599275175	0.6163758389	0.685290764	0.5599632409	0.6616685277	0.4936047559
47	1.265965732	0.6066745404	0.5085342249	0.5377664109	0.5537596627	0.8217864924	0.5620134925	0.62080086	0.6924835667	0.5618390805	0.668685259	0.4983772088
48	1.256537149	0.612125617	0.5159583848	0.5419925196	0.5595271601	0.823290257	0.5692407528	0.6272555885	0.6947067239	0.5680981595	0.6715561224	0.5104782375
49	1.253010894	0.6122164683	0.5184664087	0.5432014938	0.5589519651	0.8240430796	0.5696843746	0.6245453321	0.6957394922	0.5665288623	0.6720763723	0.5116362334
50	1.245916882	0.6163653433	0.5207969242	0.5482993197	0.5620694503	0.8253968254	0.5723606942	0.6334326741	0.6982586355	0.5711650784	0.6788495153	0.5158645276
51	1.242971813	0.6173949911	0.5223906604	0.5494990661	0.5620324629	0.8254476634	0.5728840125	0.6350196664	0.7006423983	0.5720851846	0.6805401112	0.5164168451
52	1.235590129	0.6210290421	0.5291060291	0.5544959128	0.5680022573	0.827264783	0.5747846515	0.6361904762	0.7045519611	0.5772783251	0.6821631879	0.5211517952
53	1.230387304	0.6235123103	0.5316631872	0.5563116706	0.571509009	0.8299359348	0.5783416165	0.6405655247	0.701754386	0.5812307692	0.6832672482	0.5247067188
54	1.220906796	0.6290542382	0.5354715008	0.5601357082	0.5815502338	0.8313165184	0.5826915546	0.6478911565	0.7056474615	0.5885978428	0.6869482976	0.5343267696
55	1.207774658	0.6355652464	0.5463059313	0.5713314062	0.5909090909	0.8331633396	0.5904213557	0.6518720218	0.7102110667	0.5941293991	0.6909952607	0.5420792079
56	1.199052972	0.6399866751	0.5522362286	0.575421851	0.5966410475	0.8333818817	0.596767836	0.654575208	0.7143061312	0.5987730061	0.6932997798	0.5510312004
57	1.192988199	0.6424699434	0.5546481321	0.5775200409	0.6002557908	0.8336731722	0.5989487516	0.6573293446	0.716456422	0.5993245318	0.6958568738	0.5576821773
58	1.184377286	0.648920384	0.5606636709	0.5837026935	0.6077929465	0.8378536016	0.6043449638	0.6630316249	0.7243212182	0.6061628085	0.7028553499	0.5669760112
59	1.178997452	0.6519487599	0.563872083	0.5904372979	0.6119721314	0.8394341549	0.6075516379	0.6664844924	0.7246876346	0.6087490407	0.7056426332	0.5696778711
60	1.170397059	0.6576421065	0.5695569729	0.5929339478	0.6193860148	0.8394917482	0.6127030239	0.6736899713	0.7296987088	0.617908617	0.709868832	0.5806677154
61	1.167993992	0.6583689167	0.5718227281	0.5930351656	0.6195776256	0.839322232	0.6135794331	0.6734135667	0.7308464849	0.6177416884	0.7114513357	0.5829846583
62	1.165551855	0.6589443082	0.5724625194	0.5949820789	0.6196782002	0.8407364115	0.613094454	0.6745173216	0.7313282487	0.6174846626	0.7123031343	0.5835802684
63	1.156444936	0.6620029678	0.5783960158	0.5973805069	0.6254826255	0.841320865	0.6147163354	0.6764625103	0.7372820291	0.6223110018	0.7133499688	0.5849089332
64	1.150902383	0.6646982223	0.5812875536	0.60190541	0.6285387475	0.8428905793	0.6196068083	0.6811315573	0.7350945575	0.6253071253	0.7132845351	0.590186593
65	1.144513046	0.6675751794	0.582487528	0.6016646849	0.6330524211	0.8420590816	0.623050489	0.6846649308	0.7384082045	0.6291685877	0.7178927681	0.5950983776
66	1.136239165	0.6729959723	0.5930610152	0.6101003231	0.637560836	0.8438917337	0.627544277	0.6884207628	0.7445762222	0.6357493857	0.7225766298	0.6003099707
67	1.125890074	0.6810817359	0.5998972779	0.6200814111	0.6484386243	0.8468072642	0.6357493044	0.6947310497	0.7532656023	0.6430651341	0.7306261624	0.6131736527
68	1.122309313	0.681445141	0.5998969249	0.6207013383	0.6499784204	0.8466042155	0.6356527502	0.696369637	0.7524981897	0.644140685	0.7294409168	0.6135158255
69	1.11363658	0.6868659338	0.6089633938	0.6258295048	0.6533944429	0.8471896956	0.64121325	0.700096432	0.7561929596	0.6497399816	0.7398915569	0.6219783988
70	1.105293335	0.6916507677	0.6167970078	0.6350984386	0.6580496912	0.8499853501	0.6455561469	0.7064662898	0.7594312246	0.6560147488	0.7402135231	0.6260691071
71	1.097890985	0.6966778717	0.6255715495	0.6399051491	0.6645551396	0.8520310896	0.6482244979	0.7121883657	0.7642535906	0.6610351712	0.7432725023	0.6345792797
72	1.091261226	0.7006450441	0.6292782108	0.6425675676	0.6704969836	0.8536191455	0.6550206694	0.7155734295	0.7652098156	0.6645141451	0.7455584737	0.6439639026
73	1.086159525	0.7033705824	0.6352424396	0.6472076936	0.6738567731	0.8543347514	0.6587418192	0.7190105614	0.7662168045	0.6669741697	0.7472595337	0.6442930153
74	1.079985911	0.7071257685	0.6415667736	0.6535925613	0.67710878	0.8546707728	0.6605037513	0.7207107163	0.7719349216	0.671178099	0.7514646932	0.6489976215
75	1.073738057	0.7103055631	0.6469394657	0.6568974229	0.6810841984	0.8566818248	0.6615816941	0.7224694105	0.77485847	0.672201722	0.7543209877	0.6579661017
76	1.066803306	0.7137881954	0.6541518688	0.6583557951	0.6841191785	0.8576037542	0.6666666667	0.7247464221	0.7788098694	0.6777214801	0.7572156197	0.6604666892
77	1.064345431	0.7149389782	0.6555330634	0.6612848974	0.6842486596	0.8573106283	0.6685461136	0.7275003478	0.7787918296	0.6791583474	0.7570987654	0.6621644437
78	1.063131589	0.715726356	0.6585654008	0.6624075319	0.6853005069	0.8579403555	0.6680976657	0.7276779496	0.7781797135	0.6789441375	0.7598577393	0.6634064081
79	1.058608094	0.7164531662	0.6584501097	0.6643192488	0.6867052023	0.8581914269	0.6689044039	0.7290941979	0.7766681141	0.6797847809	0.7601053121	0.6655399696
80	1.052642542	0.7197238121	0.6625021104	0.666555128	0.6917314895	0.8577301424	0.6734006734	0.7322922476	0.7790207758	0.6850998464	0.7636531935	0.6685820517
81	1.047438255	0.7232670119	0.6670043904	0.6732507533	0.698284561	0.8595769683	0.6755519655	0.7340959821	0.7816727273	0.6851253653	0.7660295931	0.676653762
82	1.040563541	0.7267496442	0.6708158116	0.6768149883	0.7008941448	0.8604172789	0.6815235008	0.7355325692	0.7837327524	0.6901017576	0.7710546574	0.6814441646
83	1.037670714	0.7287180885	0.672489083	0.6798128342	0.7031791908	0.8615113202	0.6847503374	0.7377827423	0.7834542816	0.6940667491	0.7716268311	0.6835485494
84	1.033460053	0.7313224917	0.6777442095	0.6827713471	0.7049298829	0.8631022327	0.6848615219	0.742704826	0.7860566449	0.6962552011	0.7727342668	0.6876992784
85	1.029598491	0.7325338421	0.6786193029	0.6849177024	0.7067495303	0.8630157099	0.6855142703	0.7425284131	0.7871474266	0.6977606178	0.7740843336	0.6911764706
86	1.024589044	0.7358953393	0.6815286624	0.6893431635	0.7109759629	0.8640234949	0.6875590977	0.7466666667	0.7902311382	0.7019171305	0.7767049808	0.6962616822
87	1.02277991	0.7366524333	0.6828777461	0.6908480269	0.7115162037	0.8640164295	0.6880994192	0.7473050539	0.791103358	0.7030959752	0.7770954866	0.6967978652
88	1.015440097	0.7411344296	0.6903096903	0.6910432741	0.713416401	0.8660308144	0.6932249322	0.7515762926	0.7964447035	0.7073019802	0.7827020396	0.7062750334
89	1.01192015	0.7430725902	0.6951443351	0.6941038132	0.7141412682	0.8672930123	0.6958288191	0.7522421525	0.7956363636	0.7114759176	0.7834893356	0.7089452603
90	1.005386777	0.7461009661	0.6982701264	0.6972692243	0.7188993483	0.8670774648	0.6983566481	0.7565743215	0.8004091175	0.7141971482	0.7863587705	0.7113248218
91	1.003635055	0.7471306139	0.700746888	0.6995470559	0.7208357516	0.8676362568	0.6988312041	0.7570303712	0.8012259194	0.713070379	0.788258676	0.7122242495
92	0.9971701409	0.7505526786	0.7067395264	0.7033557047	0.725872093	0.8680963572	0.7014398261	0.75996058	0.802919708	0.7180908391	0.7909466279	0.7169497169
93	0.9919395152	0.7527936768	0.7082434898	0.7068502351	0.7284864316	0.8692714454	0.7038091365	0.7613684359	0.8049598833	0.7198395557	0.7950481431	0.7189063021
94	0.9865401631	0.7554586475	0.7140019861	0.7104247104	0.7315231596	0.8698841132	0.7052917232	0.7635077793	0.8064186725	0.7221107854	0.7968845449	0.7241895262
95	0.9818783385	0.7574876594	0.7176256011	0.7109623431	0.7310826542	0.8711476372	0.7068708497	0.766572238	0.8106682298	0.7255083179	0.8001823431	0.7239773861
96	0.9745971431	0.7622724933	0.7258572138	0.7147857976	0.7365356623	0.8722997796	0.7142857143	0.7709988649	0.8123076923	0.7326029934	0.8018223235	0.7315059445
97	0.9689478099	0.7653008691	0.729653572	0.7176666667	0.7422319475	0.8736037625	0.7160224013	0.7734053133	0.8153034301	0.7322033898	0.8056355098	0.7378640777
98	0.9665341323	0.7666333545	0.7302271597	0.720053165	0.7437654951	0.8746321366	0.7175635072	0.7739278614	0.81724846	0.7336621455	0.8067252348	0.7394099225
99	0.9649527332	0.7670573272	0.7308650174	0.7194268577	0.7446342532	0.8757900926	0.7164871131	0.774669885	0.8178220724	0.7341772152	0.8078728236	0.7394377774
100	0.9623440959	0.7679658399	0.7311899238	0.7209186221	0.7448920023	0.8762128786	0.718507422	0.7768924303	0.8181284834	0.7356889369	0.8077564005	0.7402041488
101	0.9593335657	0.7695103116	0.7344164456	0.7243963364	0.7462512738	0.8767284495	0.7198252321	0.7759624947	0.8198502423	0.7374749499	0.809012551	0.742414248
102	0.9548292464	0.773235214	0.7362855254	0.7279706275	0.7508043288	0.8783863369	0.7221461812	0.7793574069	0.8234083223	0.7410933661	0.8136617803	0.7510659233
103	0.9521046385	0.7735380515	0.7361983471	0.7296981824	0.7514637002	0.8786808009	0.723316913	0.7795309168	0.821680376	0.7416730622	0.813303099	0.7517241379
104	0.9517506483	0.7736894703	0.7366677708	0.7303595206	0.7505486467	0.8783863369	0.723340178	0.7802728823	0.8215072719	0.7414798895	0.8127646703	0.7537325677
105	0.9501765595	0.7736894703	0.7368421053	0.7277870216	0.7515700307	0.87855145	0.7232644119	0.7815340909	0.8228722622	0.7409795793	0.8129638043	0.7522996058
106	0.9474920061	0.7750522395	0.7392095254	0.7302379764	0.7531710162	0.8788325472	0.7255813953	0.783202847	0.8233735649	0.7409111827	0.8146016359	0.7536517315
107	0.942872374	0.7777777778	0.7431116977	0.7308650174	0.7549262881	0.8796815099	0.7276221856	0.7864464692	0.8298657223	0.7432432432	0.8190188679	0.7550385057
108	0.9381243745	0.7802004785	0.7451368282	0.7336884154	0.7560548585	0.8798232695	0.7320620112	0.7877492877	0.8312647754	0.7480423768	0.8194444444	0.7610474632
109	0.9335498742	0.7829865843	0.7513938996	0.7375957376	0.7599006284	0.8802474591	0.7347050754	0.7906976744	0.8336288416	0.7496537929	0.8219508518	0.762731292
110	0.9299900752	0.7849853124	0.7527978934	0.7391521197	0.7631962671	0.882040696	0.735947354	0.7920057102	0.8360365674	0.7515766805	0.8255884128	0.7641370267
111	0.9288723784	0.7858938251	0.7575757576	0.738645816	0.7636098981	0.8831245394	0.7374914325	0.7925174925	0.8358868592	0.7516138949	0.8268882175	0.7642810243
112	0.9253507605	0.7883770934	0.7581893004	0.7422303473	0.7673231218	0.8836797877	0.7404663923	0.7966781214	0.836256448	0.7538273117	0.827294686	0.7708709201
113	0.9219530712	0.7896490112	0.7580194111	0.7467640226	0.7677033144	0.8859713822	0.7404967751	0.7982808023	0.8377302874	0.7563669837	0.828002414	0.7704140075
114	0.9181621749	0.7921322795	0.7629544333	0.747300216	0.7732320281	0.8857774503	0.7431003707	0.7987970786	0.8402122642	0.7572547213	0.8330064866	0.7728237792
115	0.9154258074	0.7942218588	0.7660972405	0.7504565831	0.7762677188	0.8865310934	0.7461168385	0.8011494253	0.8403831982	0.757710603	0.8352941176	0.7755501222
116	0.9145494508	0.79407044	0.7649376231	0.7492105701	0.7757009346	0.8862999558	0.7447859495	0.8021851639	0.8410498378	0.7577945016	0.8362978595	0.7758030328
117	0.912692439	0.794827534	0.7656506064	0.7509145328	0.7742311616	0.8865614397	0.7464614539	0.801553063	0.8417637517	0.7597851113	0.8366762178	0.7783942559
118	0.907260651	0.7979164774	0.7702879581	0.756154358	0.7762677188	0.8884297521	0.7496218892	0.8043728423	0.842213718	0.7641625616	0.838612368	0.7832304192
119	0.902373226	0.8007025832	0.7751556867	0.7584949445	0.7791563275	0.890625	0.751650165	0.8083573487	0.8451118963	0.7672161454	0.8414872798	0.7838278448
120	0.900062506	0.8021864874	0.776594001	0.7584148566	0.783420899	0.891118324	0.7541615078	0.80911188	0.8455979944	0.7679532523	0.8425327117	0.7870400521
121	0.8961125422	0.8040035129	0.7792165219	0.761999338	0.7842105263	0.8919397697	0.7557514809	0.8099149733	0.8457799381	0.7712880418	0.845447705	0.7890027656
122	0.8926037918	0.8048817419	0.778342904	0.7628968254	0.7857769974	0.8926886792	0.7569951757	0.8124008652	0.8451118963	0.770602706	0.8480288896	0.7900471621
123	0.8887554882	0.8074861452	0.781270465	0.7638705416	0.79057515	0.8938366264	0.7600221178	0.8150714595	0.8468335788	0.7751579596	0.849932402	0.7920856309
124	0.8843237237	0.8096060083	0.7826228973	0.7669645813	0.7930882999	0.8933785577	0.7624309392	0.8158615717	0.8493150685	0.778480037	0.852152966	0.7959183673
125	0.8792374269	0.8123012628	0.7864473041	0.7695364238	0.7941520468	0.892920354	0.7666758926	0.8181293303	0.8523718043	0.7797967354	0.8561993395	0.8011676938
126	0.8774737403	0.8129372218	0.7882640587	0.7699933906	0.7949055775	0.8929834906	0.7680818697	0.8181162556	0.8533372799	0.7800369686	0.8571857636	0.8009079118
127	0.8752346833	0.8135731807	0.787809648	0.7726072607	0.796193265	0.8928887577	0.7689965398	0.818575137	0.8535465719	0.7806531115	0.8573571321	0.8016863953
128	0.8722303374	0.8148450986	0.7912195122	0.772742309	0.7973111209	0.8931523022	0.7706600111	0.8212169389	0.8538860104	0.7832124672	0.8573996405	0.8020698577
129	0.867287235	0.8180854608	0.7964889467	0.7775947282	0.8026932084	0.8939997051	0.774784782	0.8243301955	0.8556181441	0.7841926521	0.8569718731	0.8090468498
130	0.8632682569	0.8208412828	0.7985050374	0.7828947368	0.8030413803	0.8949152542	0.776760954	0.8298550725	0.859215396	0.7868091036	0.8599250936	0.8115801391
131	0.8596121557	0.8225371733	0.8015564202	0.7846811308	0.8054537458	0.8953728264	0.7781171897	0.8308940733	0.8608194054	0.7884228448	0.8619397392	0.8133182479
132	0.8581176352	0.8235971049	0.8036958988	0.7854211131	0.8069299662	0.8963585434	0.7783333333	0.8313270486	0.8627624963	0.7894248609	0.862974636	0.8141935484
133	0.8548369302	0.8255049817	0.80532122	0.7876498604	0.8094400469	0.8972431078	0.7793074677	0.8338648884	0.8635287152	0.7922198209	0.8658865887	0.81614205
134	0.8518492247	0.8260803731	0.8048701299	0.7879881851	0.8105016134	0.898409894	0.7797362942	0.8353879623	0.8630987581	0.7950023137	0.8659452961	0.8152824996
135	0.8438440518	0.8311983283	0.8116788321	0.7933070866	0.8168185828	0.9014292029	0.785207841	0.842242882	0.8660159716	0.8020961776	0.8686504358	0.8201577846
136	0.8412861383	0.83250053	0.8110300081	0.7956777996	0.8198264451	0.9012673151	0.7873403665	0.8446319465	0.8678909953	0.8025929927	0.8682985433	0.8220720721
137	0.8348421716	0.8368008237	0.8197092084	0.7979105452	0.8249485143	0.9021803182	0.7945930881	0.849271137	0.8696812454	0.8056798889	0.8706094266	0.8292055323
138	0.8325956933	0.8373459314	0.8195027446	0.7988242978	0.8254342067	0.9021226415	0.7935977731	0.8494309892	0.8722962963	0.8046296296	0.8728037243	0.8308137665
139	0.8292299838	0.8386784168	0.8212497982	0.7986281235	0.8276470588	0.9024749558	0.7959922071	0.8506048681	0.8727595912	0.8074131274	0.8723500226	0.8336015449
140	0.8263197222	0.8400411859	0.8224661072	0.801242236	0.8295053004	0.9037102473	0.7960462202	0.8529797465	0.8744447735	0.8089783282	0.8748119169	0.8319974351
141	0.8248155432	0.8410708337	0.8235294118	0.8025456919	0.8304162377	0.9045092838	0.7984939339	0.8537722109	0.874944502	0.8094205144	0.8750376393	0.8338145653
142	0.8229721427	0.8421004815	0.8273531778	0.8039151713	0.8304386223	0.9051546392	0.7994417306	0.8548905109	0.87583247	0.80891917	0.8765803733	0.8344285943
143	0.8190831556	0.843917507	0.8288288288	0.8076923077	0.8339722796	0.906733461	0.800446865	0.8563075574	0.8778106509	0.8108944599	0.8762219883	0.8364276569
144	0.8162273513	0.8451894249	0.8297701334	0.8064516129	0.8337505522	0.9072164948	0.8027420257	0.8588166374	0.8803077378	0.8129451843	0.8772932331	0.8384725995
145	0.8129716994	0.8477938282	0.832236314	0.8111364376	0.8365781711	0.9081001473	0.8063207943	0.8610704884	0.8822918213	0.8154798762	0.8791472752	0.8417013112
146	0.8071442339	0.8507919203	0.8377902322	0.8147183328	0.8394407653	0.9089837997	0.8090551181	0.8637562262	0.8849241748	0.817563389	0.8807559622	0.8473927603
147	0.8042903665	0.8521546894	0.83968	0.8171763175	0.841066431	0.910109048	0.8111907774	0.8645558487	0.8855529132	0.8176061776	0.8818140862	0.8494897959
148	0.8001464051	0.8547893765	0.8420380131	0.8199707269	0.8445099484	0.9113961374	0.8144083298	0.8678912564	0.8871733967	0.8199505868	0.8860569715	0.8510366826
149	0.7978861357	0.855849308	0.8434852118	0.8202046451	0.8469026549	0.911343856	0.8154192459	0.8691053327	0.8886910062	0.8217317487	0.8861898336	0.8519936204
150	0.793160659	0.8590896702	0.8464240102	0.8239116309	0.8502287148	0.9138388905	0.8198845233	0.8714411506	0.8908685969	0.8250386399	0.8882882883	0.8576427549
151	0.7913935201	0.860240453	0.8495207668	0.8259175057	0.8507880395	0.9139991149	0.82	0.87336373	0.8908685969	0.825710754	0.8896562078	0.8595961202
152	0.7905338505	0.8604827231	0.84970452	0.8263764821	0.8500809181	0.9147744028	0.819667512	0.8738778514	0.8917273132	0.8251121076	0.8909227307	0.8595514554
153	0.7851370721	0.863389964	0.8517511594	0.8286826736	0.8543632075	0.9159292035	0.8230475921	0.8764177346	0.8939845146	0.8299151889	0.8934450763	0.8633481294
154	0.7810539085	0.8646921656	0.85376	0.832954914	0.8553719008	0.9176123803	0.8241106719	0.8772446276	0.8938514218	0.8322520853	0.89238138	0.864608076
155	0.7788457609	0.8656309621	0.8534868842	0.8329015544	0.8566794456	0.9186560566	0.8253564874	0.8792569659	0.8945801072	0.8338228474	0.893878162	0.8647450111
156	0.7743077993	0.8670845825	0.8564578005	0.8354635172	0.8570586502	0.9181053564	0.8277620397	0.8800824985	0.8941036685	0.8369211708	0.895272292	0.8667721519
157	0.7709497145	0.8693255807	0.8574168798	0.8363753836	0.860513123	0.9191263282	0.8317505315	0.8841670356	0.8944947322	0.8387296669	0.8973668462	0.8702386597
158	0.7684808094	0.8703855122	0.8597921663	0.8398772015	0.861916026	0.9197876733	0.8326265196	0.8835838491	0.8956909361	0.8403595784	0.8965413984	0.8709524562
159	0.7648094009	0.8720208352	0.8614351926	0.8411878631	0.8638913493	0.9212156978	0.8338522502	0.8868258179	0.8970129291	0.8423660576	0.8977391825	0.8719734135
160	0.7633395261	0.8720814027	0.8621185493	0.8408650742	0.8628377381	0.9213980239	0.8348195329	0.886366986	0.897371157	0.8421378776	0.8976779026	0.8724683544
161	0.7599563393	0.8739589958	0.8647350728	0.8436692506	0.8635023585	0.9219440353	0.8355039638	0.8889871738	0.8984514592	0.8450573288	0.9003292427	0.8748815166
162	0.758225918	0.8740801308	0.8652891238	0.8433618326	0.8634621056	0.922623434	0.8356474922	0.8882344279	0.8989432951	0.8443410853	0.9005988024	0.8757695343
163	0.7569486535	0.8755034675	0.8681847338	0.846178652	0.8657332351	0.9234167894	0.837374167	0.8887906908	0.8994488306	0.8463444857	0.9020194465	0.8750986894
164	0.7558123239	0.8751097786	0.8670835338	0.8443943299	0.8652000591	0.922759434	0.8378684807	0.888365243	0.9010432191	0.8454278199	0.9020194465	0.8743686869
165	0.7530291696	0.8769873717	0.8692037096	0.8457455364	0.8683821355	0.9247121346	0.8397335978	0.8904614477	0.9008202834	0.848700495	0.9034379671	0.8762626263
166	0.7509855816	0.8780473032	0.8709419479	0.8464757	0.8692182651	0.9256686863	0.8401360544	0.8917761701	0.9018789144	0.8493277701	0.9041710271	0.8786637252
167	0.7484212224	0.878834681	0.8710968775	0.8481053308	0.8701951508	0.9261665682	0.8421799603	0.8921394799	0.9022063208	0.850308642	0.903843278	0.8798865069
168	0.7448968689	0.880833409	0.8726633648	0.8505857808	0.8724693365	0.9276218612	0.844362397	0.8948380417	0.9036683567	0.8522061092	0.9070776597	0.880618199
169	0.7419568203	0.8818327731	0.8735045462	0.8501686205	0.8750369276	0.9277802393	0.8458913847	0.8947134607	0.9040524434	0.8543209877	0.9083283403	0.8822047244
170	0.7404819178	0.8825595833	0.8734824281	0.8513708514	0.8749074759	0.9287825059	0.8466240227	0.8956637561	0.905351021	0.8561749307	0.9087913734	0.8822047244
171	0.7384010987	0.8828018534	0.8736035748	0.8514249119	0.8756852867	0.9287825059	0.8471926084	0.8967866134	0.9035911191	0.8573629082	0.9077568134	0.8836696091
172	0.7371747034	0.8835892311	0.8739629866	0.8522017614	0.8770005928	0.9297648972	0.8497792966	0.897082778	0.9049180328	0.856087425	0.9085192394	0.8842039018
173	0.7353708296	0.8841646225	0.8748803064	0.8523855267	0.8774996297	0.9301981662	0.8494087477	0.8977171657	0.9044642857	0.8568346432	0.910206525	0.8857097941
174	0.7343446384	0.8845583114	0.8755775052	0.8541700016	0.8771098608	0.9299438368	0.8506697065	0.8982195846	0.9051942253	0.8575393154	0.9101796407	0.8846577498
175	0.7304292924	0.8870718634	0.8782581055	0.8576005126	0.8803077378	0.9314623338	0.8528991717	0.9008902077	0.9070598749	0.8608883405	0.9098802395	0.8892733564
176	0.7277849165	0.8880712274	0.8813990461	0.8582853487	0.8818127962	0.9312638581	0.8537944834	0.9021352313	0.9087390204	0.8613341569	0.9106688613	0.8890983349
177	0.7250853691	0.8890403077	0.8828398599	0.8601152369	0.8824052133	0.9313450465	0.8552217454	0.9024607175	0.9085220501	0.8635381291	0.9114832536	0.8903185313
178	0.7233777077	0.8899185367	0.8846826785	0.8610755442	0.8839206396	0.9319758005	0.855466514	0.9038004751	0.9097139452	0.8637627433	0.9114832536	0.8911884603
179	0.7221223065	0.8904636443	0.8857097441	0.8622179549	0.8846153846	0.9325660322	0.8557099871	0.9036949102	0.9105278855	0.8645141356	0.9113469876	0.8916758113
180	0.7206617218	0.8913418734	0.8850373668	0.8622236463	0.8853088974	0.9334513797	0.8572248529	0.9053632447	0.9102277803	0.8658743633	0.9133881825	0.8930640363
181	0.7188583465	0.8921898186	0.8852824185	0.8643634037	0.8856339695	0.932428445	0.858783008	0.9066072754	0.9101742887	0.8671501312	0.913414087	0.8959899749
182	0.7170585042	0.8930377638	0.8870146404	0.8667947486	0.8867534004	0.9333333333	0.8594827586	0.906690402	0.9115017878	0.867016353	0.913986537	0.8957420163
183	0.714643345	0.8939765604	0.8876869233	0.8666986718	0.8870515281	0.9333136618	0.8605486141	0.9085239085	0.9131018035	0.8684779253	0.9153708134	0.8969298246
184	0.7124828327	0.8943399655	0.8876154091	0.8678822777	0.8881335895	0.9334317343	0.8615738082	0.9083345714	0.9137751303	0.8680234351	0.9158430668	0.8967459324
185	0.7119779313	0.8946125193	0.8889949109	0.86784	0.8885608856	0.9334317343	0.8618260244	0.9080647557	0.9140217553	0.8690016973	0.915406498	0.8969507428
186	0.7090069813	0.8967020987	0.8910419314	0.8690514213	0.8906990521	0.9338842975	0.8641585296	0.9095231021	0.9152997316	0.8719135802	0.9186359557	0.9009234622
187	0.7066263888	0.8970049363	0.891466709	0.869814933	0.8908929627	0.9344552702	0.8644846397	0.9099554235	0.9151885527	0.8724686969	0.9179886262	0.9015187099
188	0.7059000013	0.8971866388	0.8915049316	0.8698291008	0.8918439716	0.9342979477	0.8641975309	0.9105497771	0.9144560358	0.873783408	0.9177385582	0.9018625763
189	0.7028865617	0.8991247994	0.8925961233	0.8716313188	0.8950635531	0.9359940872	0.866139468	0.9104699584	0.9185560859	0.8759821291	0.919736448	0.9033468877
190	0.6995169156	0.9005178523	0.8960152405	0.873046252	0.8966331955	0.9371394764	0.8677888074	0.9113359119	0.9175242356	0.8788393271	0.9209344115	0.9042935207
191	0.6983902602	0.9011538112	0.8967486122	0.8741024414	0.8981522542	0.9377126794	0.86825054	0.9114676173	0.9182333632	0.8794939053	0.9210959725	0.9046355549
192	0.6964301049	0.9017897701	0.8964092787	0.8761358202	0.8993487271	0.9381656805	0.8678268373	0.9124109264	0.9187416132	0.8804817789	0.9211195929	0.9057133937
193	0.6950337935	0.9026074316	0.8971546654	0.8769917145	0.8998076069	0.9376108811	0.8697527315	0.9133600832	0.9201849918	0.8806177606	0.9228007181	0.9061963477
194	0.6926792178	0.9033039581	0.8973951715	0.8773494744	0.901525248	0.9383409729	0.8695527111	0.9138521053	0.9202985075	0.8814814815	0.9247344007	0.9069368667
195	0.691265795	0.903818782	0.8977974964	0.8787637406	0.9020305321	0.939210176	0.870002876	0.9149315883	0.9195402299	0.8826522745	0.9252882168	0.906479313
196	0.6866112618	0.9061203477	0.9001584786	0.8807631161	0.9036663203	0.9404110602	0.8723557346	0.9185648355	0.9229848961	0.8859743867	0.9248019136	0.9101106091
197	0.6828307311	0.9076648194	0.9020291693	0.8823155216	0.9079280083	0.9408459036	0.8735433751	0.9193860826	0.9234678625	0.8888546798	0.9254937163	0.9114947892
198	0.6816471879	0.9079373732	0.9012834733	0.8827366746	0.9077929804	0.9411416741	0.8748023573	0.9204172876	0.9224331191	0.888546798	0.9261865549	0.9127119963
199	0.6796531331	0.9086036159	0.9003327523	0.8860960865	0.9078203985	0.9417159763	0.8755031627	0.9207817395	0.9233985367	0.8889915319	0.9270630523	0.9130772819
200	0.6775950961	0.909088156	0.9034406215	0.8862408643	0.9086317041	0.941733215	0.8749281196	0.9203698181	0.9241338112	0.8898474811	0.9270848929	0.9133956386
201	0.6749376544	0.909966385	0.9029909796	0.886984127	0.9095499777	0.9416814683	0.877739331	0.9213114754	0.9255382775	0.8894364028	0.9284216831	0.9147479776
202	0.672688901	0.9109051816	0.904551201	0.8894878706	0.9089020772	0.9421340832	0.8771626298	0.9222504104	0.9261363636	0.8907718379	0.9298561151	0.9168483339
203	0.670575628	0.9117834106	0.9057021008	0.8889946083	0.9117341641	0.9428486823	0.8786260644	0.9225026131	0.9265080078	0.8917295549	0.9305389222	0.9175738725
204	0.6669761702	0.9144786651	0.9080859128	0.8937113892	0.9150171156	0.9430220512	0.8822764697	0.9248917426	0.9288277512	0.8947773841	0.9320155735	0.921166977
205	0.6646639696	0.9155385967	0.9094929711	0.8944787217	0.9162327035	0.9437203791	0.8842318254	0.9268219833	0.9291055938	0.8964560863	0.9327542309	0.9210730346
206	0.6594175108	0.9181429999	0.9130434783	0.8976626658	0.9192731606	0.9447161701	0.887054735	0.9299267892	0.9320766008	0.8979969183	0.9344507632	0.9242941359
207	0.6583076581	0.9185366888	0.914015748	0.8980881656	0.9186133016	0.9448888889	0.8873443383	0.9297668858	0.9324749214	0.8986267551	0.9346493196	0.9260120987
208	0.6562212676	0.9193543503	0.9157878168	0.8980881656	0.920256372	0.9454491551	0.8889211137	0.9305036616	0.9325153374	0.8995067818	0.9349094718	0.9266707921
209	0.6523748805	0.9206868357	0.9178318932	0.9013728894	0.9229623007	0.9452928095	0.8885987815	0.9334131378	0.9331738675	0.9011260219	0.936106539	0.9262244265
210	0.6490799433	0.9219284698	0.9185115403	0.9017377567	0.9230998066	0.9463067339	0.8902421343	0.9341120096	0.9341514517	0.9033451518	0.9376215408	0.9294464258
211	0.6467108251	0.9234123739	0.9200816455	0.9024121078	0.9253019234	0.9473528103	0.8924996373	0.9354500524	0.9342301943	0.9057591623	0.9386043726	0.9317617866
212	0.6463018467	0.9232003876	0.9196232339	0.9025851198	0.9244973939	0.9473528103	0.8920487522	0.9356918003	0.9346297681	0.9055906361	0.9381829068	0.9311414392
213	0.6432182886	0.9245631568	0.9205900816	0.9033679572	0.926422401	0.9478054567	0.8942782457	0.9381752701	0.9365269461	0.9064327485	0.939802336	0.9314941104
214	0.6427992721	0.9246237243	0.92044563	0.9033070866	0.9273892948	0.9474933254	0.8945380593	0.9380159087	0.9366671657	0.9063797079	0.9393803323	0.9318674512
215	0.6412309146	0.925289967	0.9221350078	0.9044245001	0.9270910989	0.9479460181	0.8953792502	0.9374531273	0.9377059	0.9077774362	0.940260518	0.9320328224
216	0.6380198286	0.9266527361	0.9234149404	0.9070023603	0.9288802743	0.9478054567	0.8971528181	0.9395348837	0.9379868185	0.9099584424	0.9405777578	0.9336016097
217	0.6369154181	0.9270161412	0.9245253413	0.9070023603	0.9296362552	0.9485544848	0.897633222	0.9395530223	0.9385491607	0.9097072419	0.9407363065	0.9336221569
218	0.6343217137	0.9279852215	0.924259056	0.9090623033	0.931425164	0.9486951364	0.8987065833	0.9403119376	0.9386898516	0.9102662767	0.9413173653	0.9365325077
219	0.6330230908	0.927924654	0.9238005644	0.9088332546	0.9315436242	0.9491475167	0.8998109641	0.9392033543	0.9388489209	0.9104615385	0.9405243446	0.9363875561
220	0.6319592362	0.9286514642	0.9245726831	0.9103491664	0.9311426438	0.9494290375	0.9014986178	0.9397301349	0.9398349587	0.910991545	0.941862203	0.9364269142
221	0.6280659594	0.9301353684	0.9265235783	0.9127432517	0.9338114448	0.9491022407	0.9035074953	0.9402426239	0.9411764706	0.9130902938	0.9425837321	0.9380229315
222	0.6267688326	0.9302262197	0.9264015033	0.9131731826	0.9334129591	0.9493990206	0.9029253384	0.9415292354	0.9405583909	0.9135118498	0.9433567479	0.9374419325
223	0.6238373461	0.9321340965	0.9284708092	0.915855573	0.9353248693	0.9498665085	0.9066238693	0.9430113977	0.9417417417	0.9143208737	0.9450746269	0.9404301408
224	0.6210726947	0.9324672178	0.9289292423	0.9151372549	0.9340905694	0.950897493	0.9076586433	0.9428013812	0.9436513899	0.9155145929	0.9450746269	0.940303124
225	0.6205016835	0.9326792041	0.9291412482	0.9155946031	0.9346297681	0.950897493	0.9080828713	0.9431357839	0.9433678834	0.9153479797	0.9447596297	0.9412310547
226	0.6185354769	0.9337997032	0.9307054591	0.9164445838	0.9352862054	0.9509120569	0.9088518843	0.9441441441	0.9443943493	0.9167690418	0.9465352449	0.9434137291
227	0.615500065	0.9350413373	0.931061435	0.9176212145	0.9367164179	0.9522396915	0.9098085075	0.9458809381	0.9450615431	0.9192431934	0.9470228324	0.9451568052
228	0.6142297817	0.9351927561	0.9320630954	0.9173994975	0.9364558473	0.9522113387	0.9097283085	0.9459297086	0.946275395	0.9197170102	0.9473370133	0.9442471042
229	0.6104383074	0.9367069441	0.9341036852	0.9200376294	0.9392446634	0.9520984725	0.913507976	0.9463722397	0.9473525872	0.9195755805	0.9489552239	0.9451906747
230	0.6085741777	0.9379788619	0.9355593696	0.9211475153	0.9413345275	0.953115727	0.9141769186	0.948128101	0.9485559567	0.9209474008	0.9500521843	0.9461336626
231	0.6069966567	0.938221132	0.937158896	0.9213412723	0.9410711622	0.9529743362	0.9152741132	0.9483017734	0.9484132952	0.9211133323	0.9501343685	0.9458082446
232	0.6057359219	0.9387662397	0.9370127845	0.9226432822	0.9432106126	0.9531018106	0.9154826424	0.9488414084	0.9485868912	0.9213725188	0.9512996713	0.9454994596
233	0.6048636705	0.9385845371	0.937694704	0.9215348473	0.9422474258	0.9533847981	0.9155073949	0.9489841986	0.9484598047	0.9207570395	0.9514563107	0.9451906747
234	0.6031048897	0.9393416311	0.9376169682	0.9212709344	0.9430020889	0.9533986346	0.9162272994	0.9504741834	0.9502030991	0.9223674097	0.9517550411	0.9464753972
235	0.6014725362	0.9395536174	0.9379288833	0.9217037269	0.9427036705	0.9533847981	0.9165690867	0.9510763209	0.9491729323	0.9233133548	0.9520394442	0.9470760685
236	0.6002741045	0.9395233336	0.9372854914	0.921608512	0.9424943988	0.9538370194	0.9163008487	0.9512781955	0.9504592682	0.9232425781	0.9513142174	0.9468167103
237	0.5992579775	0.9397958875	0.9376169682	0.9233416771	0.9422474258	0.9542619543	0.9164104816	0.9518796992	0.9507604276	0.9233846154	0.9513287549	0.946166898
238	0.5966552184	0.9411889404	0.939360873	0.9238229313	0.944270133	0.9547141797	0.9187683284	0.950864012	0.9515060241	0.9259373079	0.9537037037	0.948358255
239	0.5958560538	0.9411283729	0.9394175362	0.9238467553	0.944112373	0.9548291233	0.9186813187	0.9512928443	0.9511901175	0.9265293575	0.9532207443	0.9476278497
240	0.5945994966	0.941491778	0.9400591624	0.9241357735	0.9434808612	0.9556943205	0.9190455277	0.9517220635	0.9509479386	0.9271889401	0.9541037524	0.948049946
241	0.5942579001	0.9412495079	0.9397290142	0.9240150094	0.9433398116	0.955396967	0.9184599619	0.9514358743	0.9503610108	0.9268367661	0.9539335926	0.9485203453
242	0.5922478284	0.9419763181	0.9410667081	0.9253637928	0.9437967115	0.9552549428	0.9192037471	0.9521948286	0.9518072289	0.9274069517	0.9547288212	0.9484885873
243	0.5912118236	0.9424002907	0.9405539994	0.9257464436	0.9445358051	0.9556943205	0.9199238764	0.9528245192	0.9522374567	0.9278128367	0.9548849716	0.9492988134
244	0.5895737421	0.9428242633	0.9407557145	0.9266385109	0.9450253959	0.9559785842	0.9214076246	0.9526529385	0.9515060241	0.9282856263	0.9550276408	0.9504310345
245	0.5872227355	0.9435207898	0.9405909798	0.9272869429	0.9469753547	0.9555390335	0.9220149802	0.9529535548	0.9531555957	0.9292525377	0.954911914	0.9519704433
246	0.5846817506	0.9442173163	0.9415241058	0.928582591	0.9471326165	0.9560047562	0.9237101279	0.9546001203	0.9525387976	0.931013243	0.9549253731	0.9515608181
247	0.5827072505	0.9447927077	0.9417445483	0.9293970634	0.9482012241	0.9565734682	0.9238444607	0.9554887218	0.9526965954	0.9321225181	0.9555091072	0.9518387444
248	0.5813392392	0.945004694	0.9424572317	0.9298108488	0.9481702763	0.9572980211	0.922986651	0.9541560198	0.9537162671	0.9325341939	0.956235997	0.952263628
249	0.5802531755	0.9457920717	0.9428216283	0.9307920637	0.9487830372	0.9570260223	0.9244092177	0.9550578686	0.954490657	0.932800246	0.9578601315	0.9534381745
250	0.5790428831	0.946004058	0.9434782609	0.9306466729	0.9493803195	0.9575829737	0.9248164464	0.9546137662	0.9541892706	0.9327795724	0.957704379	0.9544054221
251	0.5760620094	0.9474273947	0.9469108972	0.9308136811	0.9508000598	0.9580232212	0.9277108434	0.9557761733	0.955826926	0.933968059	0.9583146571	0.9556923077
252	0.5749922896	0.9474879622	0.9461096444	0.931378665	0.9506431349	0.9587367794	0.9284349743	0.9557894737	0.9564299714	0.9333128457	0.9581714969	0.955398339
253	0.5741614185	0.9478513673	0.9457821967	0.932647334	0.9502316545	0.9590102847	0.9279411765	0.9567047505	0.9563121422	0.9340710005	0.9591867245	0.956187548
254	0.5734679049	0.9479119348	0.9456521739	0.9327508192	0.9503588517	0.9591654247	0.9280776585	0.9568745304	0.9563384523	0.933558905	0.9593301435	0.9565217391
255	0.5721722239	0.9483359075	0.946143101	0.9325019486	0.9512559809	0.9592962576	0.9282141806	0.9583395999	0.9570459683	0.9339274739	0.9589122964	0.9572702121
256	0.5702868833	0.9489112989	0.9474010861	0.9341242585	0.9515260323	0.9600477042	0.928707923	0.9577507142	0.9570589122	0.9348694316	0.9599521817	0.9572702121
257	0.5680483148	0.9494261228	0.9477438363	0.9355794728	0.9521674141	0.9607872372	0.9292334854	0.9581829122	0.956770598	0.9355681993	0.9597726933	0.9580709568
258	0.5652993868	0.9506071894	0.9484280626	0.9366812227	0.9533771668	0.9606557377	0.9315471809	0.9607223476	0.9584337349	0.9369230769	0.96065819	0.9582052858
259	0.5642717613	0.9509403107	0.9485430874	0.9368667186	0.9532486931	0.9609538003	0.9318215285	0.9616021683	0.9588793493	0.9381348107	0.9606817163	0.9582309582
260	0.5631559172	0.9513945671	0.9493258949	0.937032419	0.9536483254	0.9605008198	0.9325478645	0.9623607347	0.9597588546	0.937701892	0.9614580221	0.9591648757
261	0.5630288581	0.9513339996	0.9493258949	0.9368667186	0.9536483254	0.9605008198	0.9325478645	0.9620596206	0.9597588546	0.9375576746	0.9614580221	0.9591648757
262	0.560124391	0.9520608098	0.9505962521	0.9365747234	0.9551301226	0.961681825	0.9331763321	0.9622158663	0.9594574228	0.9392588036	0.9620101705	0.9600859687
263	0.5589167706	0.95278762	0.9513781356	0.937694704	0.9557283877	0.9619686801	0.9353365739	0.9623947052	0.9609056604	0.9394218942	0.9619004931	0.9607000307
264	0.558315274	0.952908755	0.9510684422	0.9381137958	0.9554425837	0.9621008654	0.9351988218	0.9623947052	0.9606275456	0.9405073021	0.9618891048	0.9613259669
265	0.5558224636	0.9533024439	0.9518650364	0.9384255651	0.9567688856	0.9622444411	0.9362579126	0.9626618488	0.9612075472	0.9403810695	0.9613028537	0.9614971621
266	0.5531244073	0.9542109567	0.9523219814	0.9398753894	0.958657879	0.962266965	0.9371411747	0.962974112	0.9617008444	0.9413755962	0.9633836497	0.9619748543
267	0.5514435057	0.9546046455	0.952174586	0.9406079501	0.9588384972	0.9625540803	0.9372976155	0.9641782059	0.9624491027	0.9418461538	0.9632506722	0.9624175487
268	0.5471060749	0.9559674147	0.9540603248	0.9431552718	0.9589820359	0.9638590203	0.9394252027	0.9655068534	0.9624264373	0.9435992009	0.9642910504	0.9640067392
269	0.5461818688	0.9560885497	0.9540461086	0.9431552718	0.9586826347	0.9638374178	0.9397199705	0.9656729901	0.9625716873	0.9439237978	0.9650537634	0.9638480392
270	0.5441238871	0.95705763	0.9560915275	0.9430616055	0.9591745177	0.9645686949	0.9401356532	0.9668874172	0.9637571731	0.9463324619	0.9654966393	0.9647455549
271	0.5420472804	0.9576633052	0.9570855202	0.9428615912	0.9608253589	0.9647234679	0.9411764706	0.9677613739	0.9639027337	0.947060634	0.9653627949	0.9655172414
272	0.5408023372	0.9581175616	0.9572068593	0.9438481879	0.961279713	0.9645792856	0.9427728614	0.9683830172	0.9644854164	0.946137273	0.9661143454	0.9659717964
273	0.5399445317	0.9581478453	0.9572200772	0.9438132296	0.9609690444	0.9643017177	0.9423388881	0.968373494	0.9647770219	0.9464285714	0.9665571812	0.9663093415
274	0.5381812391	0.9583598316	0.9575289575	0.9441766444	0.9619988031	0.9650328751	0.942199941	0.9679168549	0.9644961475	0.9476278497	0.9667114495	0.9655383673
275	0.5358979679	0.9589655068	0.9578378378	0.9456809339	0.9619988031	0.965486329	0.9426507445	0.9682181051	0.964652568	0.9484536082	0.9677515676	0.9665951578
276	0.5342297303	0.9595106145	0.9587899367	0.9461897356	0.9624644833	0.9663526245	0.9439031591	0.9682085279	0.9652567976	0.9486153846	0.967761194	0.9672181373
277	0.5322238675	0.9603585597	0.9605303731	0.9463702783	0.9629408249	0.9666517123	0.9446167479	0.9694231059	0.9670196672	0.9502847468	0.9683487608	0.9670699954
278	0.5319732513	0.960449411	0.9608508015	0.947008547	0.9633836497	0.9663526245	0.945035461	0.9695783133	0.9668834115	0.9501231527	0.9683487608	0.9665951578
279	0.5298708236	0.9609036674	0.9610109416	0.946975587	0.962962963	0.9668062201	0.9447562777	0.9695874737	0.9671759189	0.9510618652	0.9696969697	0.9687020558
280	0.5284760118	0.9613579237	0.9613072298	0.9476301476	0.9635385535	0.9671150972	0.9455028799	0.9698704429	0.9672056823	0.9516178737	0.9699865611	0.9695019157
281	0.5257859422	0.9617516126	0.9617991374	0.947761194	0.9648991785	0.9666517123	0.9463414634	0.9707831325	0.9664551224	0.9522194821	0.970575056	0.9696784074
282	0.5249594904	0.9621150177	0.9622786759	0.9489891135	0.96458987	0.9678288194	0.9465130024	0.9706281066	0.966893424	0.952718312	0.970438937	0.9699754902
283	0.5245084514	0.9619938827	0.962403698	0.9491683507	0.96458987	0.9672400898	0.9460936346	0.9706281066	0.9668834115	0.9527037436	0.9701492537	0.9698176804
284	0.5223556895	0.9628115442	0.9628716685	0.9494792476	0.9653213752	0.9681280862	0.9478504949	0.9710843373	0.9674587559	0.9547134935	0.9709085484	0.9700030609
285	0.5211867437	0.962962963	0.9633394948	0.9498057498	0.9653524492	0.9681280862	0.9485967504	0.9715232786	0.9664246824	0.9542020046	0.9722305166	0.9696969697
286	0.5191284436	0.9635080706	0.9641372941	0.95	0.9668062201	0.9678384443	0.949719018	0.9713855422	0.9676052074	0.9546576188	0.9717868339	0.9707995719
287	0.5177599365	0.9641137458	0.9636811327	0.9512573735	0.967539267	0.9684367988	0.9509021	0.9722891566	0.9673123487	0.9557576692	0.9722305166	0.9713936056
288	0.5168069753	0.9641137458	0.9632364252	0.9510641603	0.9673750374	0.9684367988	0.9506209344	0.9722891566	0.9679176755	0.9552745219	0.9728358209	0.9717168629
289	0.5145340912	0.9651433936	0.9648071308	0.9510793601	0.9682824656	0.9696244202	0.951760876	0.9728833986	0.9692470838	0.9571516646	0.9728520286	0.9733944954
290	0.5134632888	0.9651433936	0.9646371464	0.9515678361	0.9690351533	0.9697695301	0.9510137635	0.9725738397	0.9692470838	0.9569909049	0.9730132697	0.9732456811
291	0.5122537627	0.9655673662	0.9652735095	0.9520111819	0.969923687	0.9701961959	0.9521977209	0.9722808075	0.9693939394	0.9570438799	0.9733035048	0.9737003058
292	0.5096080644	0.9661124739	0.9662162162	0.9521441889	0.9700867484	0.9700509134	0.9527617355	0.9731766124	0.9698347734	0.9579417655	0.9737470167	0.9748053138
293	0.507882803	0.9667484328	0.9669992325	0.9532681261	0.9712832785	0.9705133962	0.9539190991	0.9736485469	0.9701379415	0.9583461894	0.9741906609	0.9747976172
294	0.5056646469	0.9670512704	0.9668406509	0.9542138755	0.9722139229	0.9700598802	0.9544713036	0.9743975904	0.97	0.9588153633	0.9743436754	0.9747744993
295	0.5046057814	0.9673238242	0.9676132003	0.9539034611	0.9723674384	0.9704957316	0.9550778354	0.974691172	0.9699909063	0.9584940596	0.9747949292	0.9754010695
296	0.5032892863	0.9672632567	0.9679201842	0.953712333	0.9723756906	0.9703504043	0.9545117795	0.9745596869	0.9701198241	0.9584684267	0.9749552773	0.9752444988
297	0.5014899035	0.9678083644	0.9679300292	0.9551311908	0.9729648992	0.9706411025	0.9547947236	0.974691172	0.9705793145	0.9594073159	0.9753914989	0.9761832061
298	0.4995049458	0.9685351746	0.9691859574	0.9556038497	0.9729648992	0.9718309859	0.9546397865	0.9751543442	0.9719143768	0.9614197531	0.9765846383	0.9757214842
299	0.4966528428	0.9687774447	0.9685631038	0.9567240577	0.972972973	0.9721306563	0.9553743514	0.9754481097	0.9719143768	0.9613959234	0.9759952289	0.9769430447
300	0.4961929706	0.9691408498	0.9685631038	0.9575457081	0.9735702553	0.9727136432	0.955799466	0.97573474	0.9722180052	0.9620253165	0.9759952289	0.976950084
301	0.4940725747	0.9696253899	0.9699570815	0.9580040291	0.973287569	0.9730053989	0.9562509269	0.9757493598	0.9732847602	0.9627914158	0.9771675869	0.9764813684
302	0.4920165706	0.9704127676	0.9702727551	0.959193173	0.97417525	0.9731754833	0.9569860575	0.9767932489	0.973736147	0.9644842495	0.9776319714	0.9774114774
303	0.4900669227	0.9709275915	0.9705972435	0.9600123993	0.9744509189	0.9733213429	0.957696304	0.9770877299	0.9741798299	0.9655492044	0.977791027	0.978347057
304	0.4883173497	0.9714424154	0.971218616	0.9606811146	0.9745965332	0.9740590793	0.9592988711	0.9769404672	0.9746239173	0.9660074166	0.978387241	0.9783536585
305	0.4863191711	0.971624118	0.9715073529	0.9609907121	0.9750411	0.9744974497	0.958611482	0.976947416	0.9749202006	0.9664761316	0.9785394933	0.9784962635
306	0.484864328	0.9719875231	0.9722945048	0.9613003096	0.9759450172	0.9744897959	0.9591563939	0.9773823884	0.9747720365	0.9670940831	0.9784065525	0.9788077451
307	0.4832180926	0.9721692256	0.9722945048	0.9620801733	0.9754857997	0.9744974497	0.9598930481	0.9778380823	0.9750759878	0.9672536299	0.9786917002	0.978360256
308	0.4822711343	0.9724417795	0.9722945048	0.962585034	0.9762225213	0.9744897959	0.9600356559	0.9779921616	0.9753799392	0.9675625579	0.9786980486	0.9789569991
309	0.4809860611	0.9727749008	0.973378213	0.9632148377	0.9765216091	0.9746360498	0.9596079596	0.9779987945	0.975973236	0.9678516229	0.9794398093	0.9789569991
310	0.4789049405	0.9734108598	0.9739981646	0.9649529103	0.9776979494	0.9752512374	0.9604872252	0.9781461944	0.975973236	0.9687693259	0.9791356185	0.9795669411
311	0.4781413647	0.973380576	0.9738412116	0.9648039518	0.9777046237	0.975543886	0.9601901367	0.9784346252	0.9756838906	0.9690594059	0.978995978	0.9794175941
312	0.477319498	0.9735622786	0.9739981646	0.964974541	0.9780104712	0.9753827679	0.9607726597	0.9784281189	0.9756764974	0.9690785405	0.9788501638	0.9803263688
313	0.4765836656	0.973501711	0.9735271614	0.9648148148	0.9775650613	0.97523638	0.9613555291	0.9781264142	0.9755207541	0.9692283903	0.9792939073	0.980195003
314	0.4742441046	0.9741073862	0.9739902081	0.9656023446	0.9786088257	0.975843961	0.9616413916	0.9787426504	0.9764186825	0.9695282289	0.9800357569	0.9804996953
315	0.4726642767	0.9743193725	0.9744609267	0.9664098613	0.9786152236	0.9764228863	0.9619047619	0.9787362389	0.976284585	0.9696782178	0.9806317044	0.9798841817
316	0.4702424508	0.975258169	0.9755426475	0.9673041333	0.9789206159	0.9765695404	0.9634146341	0.9794809897	0.9771967163	0.9707747023	0.9813571961	0.9818790924
317	0.4693710478	0.9754095878	0.9758557457	0.967463377	0.9790732436	0.9765695404	0.9633819589	0.9796287913	0.9770481836	0.9713932272	0.9814980603	0.9820450396
318	0.4685784964	0.9754095878	0.9757066463	0.967463377	0.9790732436	0.9765695404	0.9634037489	0.9794809897	0.9768786127	0.9717024896	0.9814980603	0.9821944909
319	0.466486424	0.9759244117	0.9761686526	0.9679210364	0.9792258257	0.9767162385	0.9645622394	0.9802323827	0.9776289758	0.9725054062	0.9812052506	0.9829580037
320	0.4657694674	0.976136398	0.9764669927	0.9676125848	0.9795186126	0.9768629808	0.9654453381	0.9805400513	0.9780888618	0.9726640927	0.9812108559	0.9828084588
321	0.4647547668	0.9761969656	0.9760122231	0.9676125848	0.9795124869	0.9770166742	0.9651474531	0.9805400513	0.9783866058	0.9725138975	0.981655481	0.9834220532
322	0.4630942627	0.9764998032	0.9763250344	0.9679309282	0.9799581214	0.9776040884	0.9654350417	0.9811434606	0.9780821918	0.972972973	0.9816609512	0.9837311844
323	0.4600215915	0.9771963296	0.9770992366	0.9690340471	0.980855519	0.9768629808	0.9676457433	0.9814451652	0.9785355457	0.9735744089	0.9822626323	0.9844843322
324	0.4588506674	0.9772871809	0.9769430447	0.9687066441	0.982041305	0.977310293	0.9672228844	0.9820485744	0.9782377112	0.9734239802	0.982414307	0.9843346008
325	0.4580316531	0.9772266134	0.9769430447	0.9687066441	0.9821829615	0.9771634615	0.9672228844	0.9817468698	0.9780888618	0.973273598	0.9824090638	0.9843393645
326	0.4575781519	0.9773174646	0.9761759316	0.969650285	0.981595092	0.9780517138	0.9672131148	0.9815932408	0.9780888618	0.9737411183	0.9827072153	0.9841849148
327	0.456144884	0.9777414373	0.9769571189	0.9695103172	0.9820466786	0.9784930065	0.9677900388	0.9815932408	0.9785355457	0.9751351351	0.9831519308	0.9840352744
328	0.4543901089	0.9779534236	0.9772553809	0.9702939818	0.9821989529	0.9789346976	0.9686567164	0.9820485744	0.9781088477	0.9748106939	0.9828588463	0.9841849148
329	0.4522508967	0.9781351261	0.9775743707	0.9701262704	0.9823406166	0.9787874229	0.9685309471	0.9823502791	0.9792998478	0.9746679024	0.9831569533	0.9843393645
330	0.4507427312	0.9786196663	0.9772623226	0.9704615385	0.9823511816	0.9793767876	0.9695794811	0.9824984912	0.9799025579	0.9757379076	0.9838998211	0.9849521204
331	0.4499839092	0.9788619363	0.978191246	0.9706199046	0.9824928924	0.9792293799	0.9703118007	0.9826519837	0.9802010356	0.9754288363	0.9840465186	0.9852605987
332	0.4496655607	0.9789830714	0.9785028206	0.9706199046	0.9823406166	0.9792293799	0.9706101745	0.9828002414	0.9803503427	0.9755871446	0.9843400447	0.9852650767
333	0.4482598936	0.9791042064	0.9785028206	0.9706289405	0.9829494466	0.9796778564	0.9704477612	0.9829485438	0.9805056351	0.9755871446	0.9840417599	0.9855645039
